GBE_ID	variant	BETA_str	P	BETA	SE	t.value
INI2005254	rs200058074A/G	-0.051 [-0.89, 0.79]	0.905002757926143	-0.0512141129065186	0.429128554973231	-0.119344453574555
INI2005254	rs28991002G/G	0.23 [-0.14, 0.59]	0.224691619432141	0.225220007185267	0.185495104203265	1.21415607248842
INI2005254	rs28991009G/T	-0.53 [-0.73, -0.32]	4.75861675869185e-07	-0.527361178351236	0.104714055470814	-5.03620240835979
INI2005254	rs28991009T/T	-3.4 [-6.8, -0.042]	0.0472302528465002	-3.40430755076343	1.7156565018589	-1.98425940569974
INI2005254	rs143435072C/T	-0.46 [-1.4, 0.5]	0.347855258329287	-0.457520147593294	0.487364974980642	-0.938762880142273
INI2005255	rs200058074A/G	-0.19 [-0.99, 0.61]	0.643499174532304	-0.190052964298756	0.410646846995402	-0.462813645567537
INI2005255	rs28991002G/G	0.51 [0.17, 0.86]	0.00382691716306089	0.513345526357155	0.177494961628737	2.89216956721797
INI2005255	rs28991009G/T	-0.67 [-0.87, -0.47]	2.17286409004307e-11	-0.670794462805981	0.10019569890698	-6.69484289369285
INI2005255	rs28991009T/T	-2.4 [-5.6, 0.84]	0.147887783136525	-2.3755099694089	1.64162682378363	-1.44704626836799
INI2005255	rs143435072C/T	-0.95 [-1.9, -0.034]	0.0419604334453544	-0.948614157125035	0.466391456116027	-2.03394411429579
INI5254	rs200058074A/G	-0.28 [-1.3, 0.69]	0.573216259364944	-0.280111442008175	0.497248042994614	-0.563323367390727
INI5254	rs28991002G/G	0.31 [-0.12, 0.73]	0.15700542067593	0.30524813506225	0.21568827890491	1.41522820160675
INI5254	rs28991009G/T	-0.6 [-0.84, -0.36]	8.96519896723276e-07	-0.598402919954455	0.12178825889087	-4.91346970064383
INI5254	rs28991009T/T	-4.3 [-8.2, -0.42]	0.0297373798464919	-4.32125503866381	1.98805530080734	-2.17360907259922
INI5254	rs143435072C/T	-0.18 [-1.3, 0.92]	0.746034351792418	-0.182898702657319	0.56472199418761	-0.323873878722275
INI5255	rs200058074A/G	-0.23 [-1.1, 0.64]	0.599375590418116	-0.234104442178496	0.445657955107058	-0.525300714361216
INI5255	rs28991002G/G	0.48 [0.1, 0.86]	0.0130862455605355	0.479676937245822	0.193303693875687	2.48146803420271
INI5255	rs28991009G/T	-0.73 [-0.95, -0.52]	1.70617638030971e-11	-0.734547344333486	0.109142942898049	-6.73014053707191
INI5255	rs28991009T/T	-3 [-6.5, 0.5]	0.0931645670471637	-2.9912855272771	1.7816348484677	-1.6789554435634
INI5255	rs143435072C/T	-0.91 [-1.9, 0.08]	0.0716738459867805	-0.91169738719455	0.506158947643444	-1.80120768671422
INI5262	rs200058074A/G	0.16 [-0.83, 1.1]	0.755741517939666	0.156990773466341	0.504665621192419	0.31107879529302
INI5262	rs28991002G/G	0.24 [-0.19, 0.66]	0.278361838646896	0.236371223131724	0.218051833319079	1.08401392244126
INI5262	rs28991009G/T	-0.5 [-0.74, -0.26]	5.36731562103388e-05	-0.497450528502193	0.123154389714281	-4.0392431780652
INI5262	rs28991009T/T	-2.5 [-6.4, 1.4]	0.21291508781928	-2.49768523021604	2.00520744829684	-1.24559941782457
INI5262	rs143435072C/T	-0.72 [-1.8, 0.4]	0.205606899385158	-0.720904672358248	0.569548287825788	-1.26574811612594
INI5263	rs200058074A/G	-0.15 [-1, 0.74]	0.734335639879953	-0.154271409374047	0.454588418336542	-0.339365023725344
INI5263	rs28991002G/G	0.62 [0.23, 1]	0.00173482726644462	0.615186409930826	0.196398596854666	3.13233607461087
INI5263	rs28991009G/T	-0.64 [-0.86, -0.43]	6.31146010567502e-09	-0.644312663630076	0.110918005758519	-5.80890955642332
INI5263	rs28991009T/T	-1.8 [-5.3, 1.8]	0.329283495888689	-1.76184303207699	1.80597388215893	-0.975563959967583
INI5263	rs143435072C/T	-1 [-2, -4e-04]	0.0499074682054135	-1.00597344759011	0.513046175661214	-1.96078539381686
